ID,Updated on (date),Region,State,Name of Initiative,Nature,Ongoing Grant Cycle,Budget as per Sanctioned AER,Registration Status - FCRA / Non-FC,CRY Location,CRY Support Since,Available for booking,CRY Theme: Education (Y/N),CRY Theme: Protection (Y/N),CRY Theme: Health (Y/N),CRY Theme: Nutrition (Y/N),CRY Theme: Participation (Y/N),CRY Theme: Others (Y/N),DS Remarks
142,Feb-18,North,Madhya Pradesh,Anandilal,Fellowship,Jan-17 - Dec-18,No Grant,Yes,Mumbai,Jan-17 - Dec-18,Not-Available,Y,N,Y,Y,Y,N,N/A
141,Feb-18,North,Rajasthan,Kotra Adivasi Sansthan,Implementing,Jan-17 - Dec-18,No Grant,N/A,N/A,Jan-17 - Dec-18,Not-Available,N,N,N,N,N,N,N/A
140,Feb-18,South,Telangana,Shramika Vikasa Kendram,Implementing,Jul-97 - Feb-18,No Grant,N/A,N/A,Jul-97 - Feb-18,Not-Available,N,N,N,N,N,N,N/A
139,Jan-18,South,Telangana,Spandana Seva Samstha,Fellowship,Jan-18 - Jan-18,"2,50,000.00",No,Telangana,Jan-18 - Jan-18,Not-Available,N,Y,N,N,N,N,High prevalence of child labour
138,Jan-18,South,Andhra Pradesh,Seeds,Implementing,Jan-18 - Feb-18,No Grant,Yes,Andhra Pradesh,Jan-18 - Feb-18,Not-Available,Y,Y,Y,N,N,N,Coastal areas
137,Jan-18,South,Karnataka,Idea,Implementing,Jan-18 - Jan-18,No Grant,Yes,National(HO),Jan-18 - Jan-18,Not-Available,Y,N,N,Y,N,N,N/A
136,Jan-18,South,Tamil Nadu,Trees,Resource Orgs,Jan-18 - Nov-20,No Grant,Yes,Tamil Nadu,Jan-18 - Nov-20,Not-Available,N,Y,N,N,N,N,dsdfs
135,Jan-18,National,National(HO),National Law School,Resource Orgs,Jan-18 - Jan-18,No Grant,Yes,Karnataka,Jan-18 - Jan-18,Not-Available,Y,N,Y,N,N,N,N/A
134,Jan-18,South,Tamil Nadu,Vysarpadi Children Project,Implementing,Jan-18 - Jun-18,No Grant,Yes,Tamil Nadu,Jan-18 - Jun-18,Not-Available,Y,Y,N,N,N,N,xxx
133,Jan-18,South,Karnataka,Youth Forum Tumkur,Fellowship,Jan-18 - Jan-18,No Grant,No,Karnataka,Jan-18 - Jan-18,Not-Available,N,N,N,N,Y,N,N/A
132,Jan-18,National,National(HO),Eccd,Resource Orgs,Jul-15 - Jan-18,No Grant,Yes,Tamil Nadu,Jul-15 - Jan-18,Not-Available,Y,Y,N,N,N,N,N/A
131,Jan-18,South,Tamil Nadu,Word Trust,Implementing,Apr-13 - Jan-18,No Grant,N/A,N/A,Apr-13 - Jan-18,Not-Available,N,N,N,N,N,N,N/A
130,Jan-18,South,Tamil Nadu,Scsteds,Implementing,Jan-18 - Jun-24,No Grant,Yes,Tamil Nadu,Jan-18 - Jun-24,Not-Available,N,N,N,N,Y,N,dfadf
129,Jan-18,South,Andhra Pradesh,Help,Implementing,Jan-18 - Feb-18,No Grant,Yes,Telangana,Jan-18 - Feb-18,Not-Available,Y,N,N,N,N,N,N/A
128,Jan-18,South,Tamil Nadu,Rwds,Implementing,Aug-13 - Jan-18,No Grant,Yes,Tamil Nadu,Aug-13 - Jan-18,Not-Available,Y,Y,N,N,N,N,N/A
127,Jan-18,South,Andhra Pradesh,Pragathi Siri Seva Samstha,Implementing,Jan-18 - Jan-18,No Grant,No,Andhra Pradesh,Jan-18 - Jan-18,Not-Available,N,N,Y,N,N,N,Agency area
126,Jan-18,South,Karnataka,Gofcms,Implementing,Jan-18 - Jan-18,No Grant,Yes,Karnataka,Jan-18 - Jan-18,Not-Available,Y,N,N,N,N,N,Nothing much to Say
125,Jan-18,South,Tamil Nadu,Leelavathi,Fellowship,Nov-15 - Jan-18,No Grant,Yes,Tamil Nadu,Nov-15 - Jan-18,Not-Available,Y,Y,N,N,N,N,N/A
124,Jan-18,South,Karnataka,Karn,Implementing,Jan-18 - Apr-18,No Grant,Yes,Karnataka,Jan-18 - Apr-18,Not-Available,Y,N,Y,N,N,N,N/A
123,Jan-18,South,Telangana,Ravi Raj,Alliances,Jan-18 - Mar-18,No Grant,Yes,"Manipur,Assam",Jan-18 - Mar-18,Not-Available,Y,N,Y,Y,Y,Y,N/A
122,Jan-18,East,West Bengal,Jan Samskriti,Implementing,Jan-11 - May-19,"3,60,000.00",Yes,West Bengal,Jan-11 - May-19,Available,Y,N,Y,N,N,N,N/A
121,Dec-17,West,Mumbai,Halwa,Implementing,Jan-09 - Dec-17,"77,500.00",Yes,Mumbai,Jan-09 - Dec-17,Available,Y,Y,N,N,N,N,N/A
120,Dec-17,West,Mumbai,Sparsh,Implementing,Jan-09 - Dec-17,No Grant,N/A,N/A,Jan-09 - Dec-17,Not-Available,N,N,N,N,N,N,N/A
119,Dec-17,West,Chhattisgarh,Gmsss,Implementing,Jul-10 - Dec-17,No Grant,No,Chhattisgarh,Jul-10 - Dec-17,Not-Available,Y,N,Y,N,N,N,N/A
118,Dec-17,West,Gujarat,Gss,Implementing,Jan-05 - Feb-18,No Grant,Yes,Gujarat,Jan-05 - Feb-18,Not-Available,N,N,Y,N,N,N,N/A
117,Dec-17,National,National(HO),Haq,Resource Orgs,Dec-17 - Jan-18,No Grant,N/A,N/A,Dec-17 - Jan-18,Not-Available,N,N,N,N,N,N,N/A
116,Dec-17,North,Delhi,Navsrishti Delhi,Implementing,Apr-00 - Dec-17,No Grant,Yes,Maharashtra,Apr-00 - Dec-17,Not-Available,Y,Y,N,Y,N,N,N/A
115,Dec-17,North,Haryana,Pap Need,Implementing,Oct-12 - Jan-18,"35,000.00",Yes,Haryana,Oct-12 - Jan-18,Available,Y,Y,N,N,N,N,N/A
114,Dec-17,South,Andhra Pradesh,Demo Test,Fellowship,Nov-16 - Dec-17,No Grant,Yes,Telangana,Nov-16 - Dec-17,Not-Available,Y,N,N,N,N,N,N/A
113,Dec-17,South,Karnataka,Charted Accountant,Networks,Oct-17 - Feb-18,No Grant,Yes,"Madhya Pradesh,Assam,Bihar",Oct-17 - Feb-18,Not-Available,N,Y,Y,Y,Y,N,N/A
112,Dec-17,East,Manipur,New Partner Mahiti,Implementing,Dec-17 - Dec-17,No Grant,Yes,Rajasthan,Dec-17 - Dec-17,Not-Available,N,Y,Y,Y,N,N,N/A
111,Dec-17,South,Karnataka,Partner Mahiti,Implementing,Dec-17 - Dec-17,"24,000.00",Yes,Karnataka,Dec-17 - Dec-17,Not-Available,Y,N,Y,N,N,N,N/A
110,Nov-17,North,Madhya Pradesh,Srs Travels,Implementing,Nov-17 - Nov-17,"59,56,453.00",Yes,Telangana,Nov-17 - Nov-17,Available,Y,Y,Y,N,Y,N,remarks
109,Nov-17,North,Rajasthan,pradam_cron_try,Implementing,Nov-17 - Dec-18,"18,53,82,727.00",Yes,"Madhya Pradesh,Chhattisgarh,Maharashtra,Karnataka",Nov-17 - Dec-18,Not-Available,Y,Y,Y,Y,Y,N,N/A
108,Oct-17,West,Maharashtra,Habitat And Livelihood Welfare Association(HALWA),Implementing,Jan-16 - Sep-17,No Grant,N/A,N/A,Jan-16 - Sep-17,Not-Available,N,N,N,N,N,N,N/A
107,Oct-17,West,Gujarat,Sahyog Charitable Trust (SCT),Implementing,Jan-16 - Sep-17,No Grant,N/A,N/A,Jan-16 - Sep-17,Not-Available,N,N,N,N,N,N,N/A
106,Oct-17,West,Gujarat,Gramya Vikas Trust,Implementing,Jan-16 - Sep-17,No Grant,N/A,N/A,Jan-16 - Sep-17,Not-Available,N,N,N,N,N,N,N/A
105,Nov-17,West,Gujarat,Danta Taluka Adivasi Sarvangi Vikash Sangh,Implementing,Jan-16 - Sep-17,No Grant,N/A,N/A,Jan-16 - Sep-17,Not-Available,N,N,N,N,N,N,N/A
104,Oct-17,West,Gujarat,Bahujan Samajik Trust (BST),Implementing,Jan-16 - Sep-17,No Grant,N/A,N/A,Jan-16 - Sep-17,Not-Available,N,N,N,N,N,N,N/A
103,Oct-17,West,Chattishgarh,Paras Swayam Sevi Sanstha,Implementing,Jan-16 - Sep-17,No Grant,N/A,N/A,Jan-16 - Sep-17,Not-Available,N,N,N,N,N,N,N/A
102,Oct-17,South,Tamil Nadu,Tamil Nadu Samakalvi Vazhurimai Iyakkam - TNSKVI [TAFRE renamed] - thru SPT,Network/Alliance,Jan-16 - Sep-17,No Grant,N/A,N/A,Jan-16 - Sep-17,Not-Available,N,N,N,N,N,N,N/A
101,Oct-17,South,Karnataka,Bangalore Oniyavara Seva Coota(BOSCO),Implementing,Jan-16 - Sep-17,No Grant,N/A,N/A,Jan-16 - Sep-17,Not-Available,N,N,N,N,N,N,N/A
100,Oct-17,South,Andhra Pradesh,Society for Rural Agriculturalists and Mass Awareness (SRAMA),Implementing,Jan-16 - Sep-17,No Grant,N/A,N/A,Jan-16 - Sep-17,Not-Available,N,N,N,N,N,N,N/A
99,Oct-17,North,Uttar Pradesh,Voice Of People through ERS (VOP thru ERS),Network/Alliance,Jan-16 - Sep-17,No Grant,N/A,N/A,Jan-16 - Sep-17,Not-Available,N,N,N,N,N,N,N/A
98,Oct-17,North,Uttar Pradesh,Kriti Shodh Sansthan (KSS),Implementing,Jan-16 - Sep-17,No Grant,N/A,N/A,Jan-16 - Sep-17,Not-Available,N,N,N,N,N,N,N/A
97,Oct-17,North,Uttar Pradesh,Jan Mitra Nyas - JMN,Implementing,Jan-16 - Sep-17,No Grant,N/A,N/A,Jan-16 - Sep-17,Not-Available,N,N,N,N,N,N,N/A
96,Oct-17,North,Uttar Pradesh,Dr. Sambhunath Singh Research Foundation (SRF),Implementing,Jan-16 - Sep-17,No Grant,N/A,N/A,Jan-16 - Sep-17,Not-Available,N,N,N,N,N,N,N/A
95,Oct-17,North,Madhya Pradesh,Madhya Pradesh Lok Sangarsh Sajha Manch (MPLSSM) through VSS,Network/Alliance,Jan-16 - Sep-17,No Grant,N/A,N/A,Jan-16 - Sep-17,Not-Available,N,N,N,N,N,N,N/A
94,Oct-17,North,Madhya Pradesh,Gramin Vikas Samiti (GVS),Implementing,Jan-16 - Sep-17,No Grant,N/A,N/A,Jan-16 - Sep-17,Not-Available,N,N,N,N,N,N,N/A
93,Oct-17,North,Haryana,Peoples Action for People in Need (PAPN),Implementing,Jan-16 - Sep-17,No Grant,N/A,N/A,Jan-16 - Sep-17,Not-Available,N,N,N,N,N,N,N/A
92,Nov-17,North,Haryana,Nayi Duniya Welfare Society,Implementing,Jan-16 - Sep-17,No Grant,N/A,N/A,Jan-16 - Sep-17,Not-Available,N,N,N,N,N,N,N/A
91,Oct-17,North,Delhi,Alliance for People's Right (APR) through Matrisudha,Network/Alliance,Jan-16 - Sep-17,No Grant,N/A,N/A,Jan-16 - Sep-17,Not-Available,N,N,N,N,N,N,N/A
90,Oct-17,East,Odisha,Society for Promotion of Rural Education and Development (SPREAD),Implementing,Jan-16 - Sep-17,No Grant,N/A,N/A,Jan-16 - Sep-17,Not-Available,N,N,N,N,N,N,N/A
89,Oct-17,East,Odisha,Palli Alok Pathagar,Implementing,Jan-16 - Sep-17,No Grant,N/A,N/A,Jan-16 - Sep-17,Not-Available,N,N,N,N,N,N,N/A
88,Oct-17,East,Odisha,Chale Chalo,Implementing,Jan-16 - Sep-17,No Grant,N/A,N/A,Jan-16 - Sep-17,Not-Available,N,N,N,N,N,N,N/A
87,Oct-17,East,Manipur,Manipur Alliance for Child Rights - through Wide Angle (MACR),Network/Alliance,Jan-16 - Sep-17,No Grant,N/A,N/A,Jan-16 - Sep-17,Not-Available,N,N,N,N,N,N,N/A
86,Oct-17,East,Jharkhand,Strengthening Child Protection Mechanism in Jharkhand through Bal Sakha,Resource Orgs,Jan-16 - Sep-17,No Grant,N/A,N/A,Jan-16 - Sep-17,Not-Available,N,N,N,N,N,N,N/A
85,Oct-17,East,Jharkhand,Jago Foundation,Implementing,Jan-16 - Sep-17,No Grant,N/A,N/A,Jan-16 - Sep-17,Not-Available,N,N,N,N,N,N,N/A
84,Oct-17,East,Bihar,Samagra Seva,Implementing,Jan-16 - Sep-17,No Grant,N/A,N/A,Jan-16 - Sep-17,Not-Available,N,N,N,N,N,N,N/A
83,Oct-17,East,Bihar,Bihar Bal Awaz Manch (BBAM) through CHARDS,Network/Alliance,Jan-16 - Sep-17,No Grant,N/A,N/A,Jan-16 - Sep-17,Not-Available,N,N,N,N,N,N,N/A
82,Oct-17,East,Assam,Gramya Vikash Manch,Implementing,Jan-16 - Sep-17,No Grant,N/A,N/A,Jan-16 - Sep-17,Not-Available,N,N,N,N,N,N,N/A
81,Oct-17,North,Madhya Pradesh,Vikas Samvad Samity (VSS),Implementing,Jan-16 - Dec-17,No Grant,N/A,N/A,Jan-16 - Dec-17,Not-Available,N,N,N,N,N,N,N/A
80,Oct-17,West,Maharashtra,Vanchit Vikas Sanstha (VVS),Implementing,Jan-17 - Jun-18,No Grant,N/A,N/A,Jan-17 - Jun-18,Not-Available,N,N,N,N,N,N,N/A
79,Oct-17,West,Gujarat,Samata Charitable Trust (SCT),Implementing,Jan-17 - Jun-18,No Grant,N/A,N/A,Jan-17 - Jun-18,Not-Available,N,N,N,N,N,N,N/A
78,Oct-17,West,Chattishgarh,Navadhar Samajik Evam Sanskrutik Vikas Manch(NSESVM),Implementing,Jan-17 - Jun-18,No Grant,N/A,N/A,Jan-17 - Jun-18,Not-Available,N,N,N,N,N,N,N/A
77,Oct-17,South,Tamil Nadu,Salem People's Trust (SPT),Implementing,Jan-17 - Jun-18,No Grant,N/A,N/A,Jan-17 - Jun-18,Not-Available,N,N,N,N,N,N,N/A
76,Oct-17,South,Karnataka,PEOPLE (Association for Social Economical Educational Cultural Health and Environment Development),Implementing,Jan-17 - Jun-18,No Grant,N/A,N/A,Jan-17 - Jun-18,Not-Available,N,N,N,N,N,N,N/A
75,Oct-17,East,Jharkhand,CREJ Jan Mukti Andolan - thru Jago Foundation,Network/Alliance,Jan-17 - Jun-18,No Grant,N/A,N/A,Jan-17 - Jun-18,Not-Available,N,N,N,N,N,N,N/A
74,Oct-17,East,Bihar,Coalition for Child Rights to Protection (CCRP) Bihar - thru Bal Sakha,Network/Alliance,Jan-17 - Jun-18,No Grant,N/A,N/A,Jan-17 - Jun-18,Not-Available,N,N,N,N,N,N,N/A
73,Oct-17,East,Odisha,Association for Development and Health Action in Rural areas (ADHAR),Implementing,Jan-17 - Dec-17,No Grant,N/A,N/A,Jan-17 - Dec-17,Not-Available,N,N,N,N,N,N,N/A
72,Oct-17,West,Maharashtra,Kalapandhari Magasvargiya and Adivasi Gramin Vikas Sansthan (KMAGVS),Implementing,Jan-16 - Jun-17,No Grant,N/A,N/A,Jan-16 - Jun-17,Not-Available,N,N,N,N,N,N,N/A
71,Oct-17,West,Chattishgarh,Gram Mitra Samaj Sevi Sanstha (GMSSS),Implementing,Jan-16 - Jun-17,No Grant,N/A,N/A,Jan-16 - Jun-17,Not-Available,N,N,N,N,N,N,N/A
70,Oct-17,South,Karnataka,Samajika Parivartana Jana Andolana [SPJA] - thru Margadarshi,Network/Alliance,Jan-16 - Jun-17,No Grant,N/A,N/A,Jan-16 - Jun-17,Not-Available,N,N,N,N,N,N,N/A
69,Oct-17,South,Andhra Pradesh,SNEHA,Implementing,Jan-16 - Jun-17,No Grant,N/A,N/A,Jan-16 - Jun-17,Not-Available,N,N,N,N,N,N,N/A
68,Oct-17,South,Andhra Pradesh,Sanghamitra Service Society(SSS),Implementing,Jan-16 - Jun-17,No Grant,N/A,N/A,Jan-16 - Jun-17,Not-Available,N,N,N,N,N,N,N/A
67,Oct-17,South,Andhra Pradesh,Pragathi,Implementing,Jan-16 - Jun-17,No Grant,N/A,N/A,Jan-16 - Jun-17,Not-Available,N,N,N,N,N,N,N/A
66,Oct-17,North,Uttar Pradesh,QIC & AC/ Mehfooz UP through Doaba Vikas Evam Utthan Samiti,Network/Alliance,Jan-16 - Jun-17,No Grant,N/A,N/A,Jan-16 - Jun-17,Not-Available,N,N,N,N,N,N,N/A
65,Oct-17,North,Rajasthan,Mahila Jan Adhikar Samiti (MJAS),Implementing,Jan-16 - Jun-17,No Grant,N/A,N/A,Jan-16 - Jun-17,Not-Available,N,N,N,N,N,N,N/A
64,Oct-17,North,Madhya Pradesh,Mr. Anandilal,Individual Fellow,Jan-16 - Jun-17,No Grant,N/A,N/A,Jan-16 - Jun-17,Not-Available,N,N,N,N,N,N,N/A
63,Oct-17,North,Madhya Pradesh,HIFAZAT: A Coalition for Child Protection in MP through Vikas Samvad Samiti,Network/Alliance,Jan-16 - Jun-17,No Grant,N/A,N/A,Jan-16 - Jun-17,Not-Available,N,N,N,N,N,N,N/A
62,Oct-17,North,Haryana,Bal Bigul through PAPN,Network/Alliance,Jan-16 - Jun-17,No Grant,N/A,N/A,Jan-16 - Jun-17,Not-Available,N,N,N,N,N,N,N/A
61,Oct-17,North,Delhi,Walter Peter,Individual Fellow,Jan-16 - Jun-17,No Grant,N/A,N/A,Jan-16 - Jun-17,Not-Available,N,N,N,N,N,N,N/A
60,Oct-17,North,Delhi,Rajeev Neelu Kachwaha Public Charitable Trust (SWATI),Implementing,Jan-16 - Jun-17,No Grant,N/A,N/A,Jan-16 - Jun-17,Not-Available,N,N,N,N,N,N,N/A
59,Oct-17,North,Delhi,PAHAL Multipurpose Organization,Implementing,Jan-16 - Jun-17,No Grant,N/A,N/A,Jan-16 - Jun-17,Not-Available,N,N,N,N,N,N,N/A
58,Oct-17,National (HO),National (HO),Right to ECD Alliance,Resource Orgs,Jan-16 - Jun-17,No Grant,N/A,N/A,Jan-16 - Jun-17,Not-Available,N,N,N,N,N,N,N/A
57,Oct-17,East,West Bengal,West Bengal Education Network (WBEN) through Kajla Janakalyan Samity,Network/Alliance,Jan-16 - Jun-17,No Grant,N/A,N/A,Jan-16 - Jun-17,Not-Available,N,N,N,N,N,N,N/A
56,Oct-17,East,West Bengal,Diksha,Implementing,Jan-16 - Jun-17,No Grant,N/A,N/A,Jan-16 - Jun-17,Not-Available,N,N,N,N,N,N,N/A
55,Oct-17,East,Jharkhand,"Society for Advancement in Tribes, Health, Education, Environment (SATHEE)",Implementing,Jan-16 - Jun-17,No Grant,N/A,N/A,Jan-16 - Jun-17,Not-Available,N,N,N,N,N,N,N/A
54,Oct-17,West,Maharashtra,Vidhayak Bharati,Implementing,Jan-17 - Dec-17,No Grant,N/A,N/A,Jan-17 - Dec-17,Not-Available,N,N,N,N,N,N,N/A
53,Oct-17,West,Maharashtra,Vidarbha - Zhadapatti Initiatives thru SRISHTI,Implementing,Jan-17 - Dec-17,No Grant,N/A,N/A,Jan-17 - Dec-17,Not-Available,N,N,N,N,N,N,N/A
52,Oct-17,West,Maharashtra,SPARSHA Charitable Trust,Implementing,Jan-17 - Dec-17,No Grant,N/A,N/A,Jan-17 - Dec-17,Not-Available,N,N,N,N,N,N,N/A
51,Oct-17,West,Maharashtra,Bal Hakk Abhiyan - thru Sankalp,Network/Alliance,Jan-17 - Dec-17,No Grant,N/A,N/A,Jan-17 - Dec-17,Not-Available,N,N,N,N,N,N,N/A
50,Oct-17,West,Gujarat,Gram Swaraj Sangh (GSS),Implementing,Jan-17 - Dec-17,No Grant,N/A,N/A,Jan-17 - Dec-17,Not-Available,N,N,N,N,N,N,N/A
49,Oct-17,West,Chattishgarh,Path Pradarshak,Implementing,Jan-17 - Dec-17,No Grant,N/A,N/A,Jan-17 - Dec-17,Not-Available,N,N,N,N,N,N,N/A
48,Oct-17,West,Chattishgarh,Mitwa Mahila Kalyan Evam Seva Samiti (MMKSS),Implementing,Jan-17 - Dec-17,No Grant,N/A,N/A,Jan-17 - Dec-17,Not-Available,N,N,N,N,N,N,N/A
47,Oct-17,South,Tamil Nadu,Slum Children Sports Talents Education Development Society (SCSTEDS),Implementing,Jan-17 - Dec-17,No Grant,N/A,N/A,Jan-17 - Dec-17,Not-Available,N,N,N,N,N,N,N/A
46,Oct-17,South,Tamil Nadu,Rural Workers Development Society (RWDS),Implementing,Jan-17 - Dec-17,No Grant,N/A,N/A,Jan-17 - Dec-17,Not-Available,N,N,N,N,N,N,N/A
45,Oct-17,South,Tamil Nadu,Mrs M Leelavathy,Individual Fellow,Jan-17 - Dec-17,No Grant,N/A,N/A,Jan-17 - Dec-17,Not-Available,N,N,N,N,N,N,N/A
44,Oct-17,South,Tamil Nadu,Human Rights Education and Protection Council (KALAM),Implementing,Jan-17 - Dec-17,No Grant,N/A,N/A,Jan-17 - Dec-17,Not-Available,N,N,N,N,N,N,N/A
43,Oct-17,South,Karnataka,Margadarshi,Implementing,Jan-17 - Dec-17,No Grant,N/A,N/A,Jan-17 - Dec-17,Not-Available,N,N,N,N,N,N,N/A
42,Oct-17,South,Karnataka,Mahila Abhivrudhi Mattu Samrakshana Samasthe (MASS),Implementing,Jan-17 - Dec-17,No Grant,N/A,N/A,Jan-17 - Dec-17,Not-Available,N,N,N,N,N,N,N/A
41,Oct-17,South,Andhra Pradesh,Helping Hands Association (HHA),Implementing,Jan-17 - Dec-17,No Grant,N/A,N/A,Jan-17 - Dec-17,Not-Available,N,N,N,N,N,N,N/A
40,Oct-17,South,Andhra Pradesh,Compassionate Rural Association for Social Action (CRASA),Implementing,Jan-17 - Dec-17,No Grant,N/A,N/A,Jan-17 - Dec-17,Not-Available,N,N,N,N,N,N,N/A
39,Oct-17,North,Uttar Pradesh,Rural Organisation for Social Advancement (ROSA),Implementing,Jan-17 - Dec-17,No Grant,N/A,N/A,Jan-17 - Dec-17,Not-Available,N,N,N,N,N,N,N/A
38,Oct-17,North,Uttar Pradesh,Doaba Vikas Evam Utthan Samiti (DVEUS),Implementing,Jan-17 - Dec-17,No Grant,N/A,N/A,Jan-17 - Dec-17,Not-Available,N,N,N,N,N,N,N/A
37,Oct-17,North,Rajasthan,Prayatn Sansthan,Implementing,Jan-17 - Dec-17,No Grant,N/A,N/A,Jan-17 - Dec-17,Not-Available,N,N,N,N,N,N,N/A
36,Oct-17,North,Madhya Pradesh,Samvedna,Implementing,Jan-17 - Dec-17,No Grant,N/A,N/A,Jan-17 - Dec-17,Not-Available,N,N,N,N,N,N,N/A
35,Oct-17,North,Delhi,SAKSHAM,Implementing,Jan-17 - Dec-17,No Grant,N/A,N/A,Jan-17 - Dec-17,Not-Available,N,N,N,N,N,N,N/A
34,Oct-17,North,Delhi,Matri Sudha,Implementing,Jan-17 - Dec-17,No Grant,N/A,N/A,Jan-17 - Dec-17,Not-Available,N,N,N,N,N,N,N/A
33,Oct-17,North,Delhi,Action for Health Education & Social Awareness (AHESAS),Implementing,Jan-17 - Dec-17,No Grant,N/A,N/A,Jan-17 - Dec-17,Not-Available,N,N,N,N,N,N,N/A
32,Oct-17,East,West Bengal,Vikramshila Education Resource Society,Resource Orgs,Jan-17 - Dec-17,No Grant,N/A,N/A,Jan-17 - Dec-17,Not-Available,N,N,N,N,N,N,N/A
31,Oct-17,East,West Bengal,SANLAAP (& Flexi UNICEF Funding),Resource Orgs,Jan-17 - Dec-17,No Grant,N/A,N/A,Jan-17 - Dec-17,Not-Available,N,N,N,N,N,N,N/A
30,Oct-17,East,West Bengal,Coalition for Child Rights to Protection (CCRP) WB - thru Praajak,Network/Alliance,Jan-17 - Dec-17,No Grant,N/A,N/A,Jan-17 - Dec-17,Not-Available,N,N,N,N,N,N,N/A
29,Oct-17,East,Odisha,VCRO - Voice of Child Rights in Odisha - through SPREAD,Network/Alliance,Jan-17 - Dec-17,No Grant,N/A,N/A,Jan-17 - Dec-17,Not-Available,N,N,N,N,N,N,N/A
28,Oct-17,East,Odisha,Society for Action in Disability and Health Awareness (SADHANA),Implementing,Jan-17 - Dec-17,No Grant,N/A,N/A,Jan-17 - Dec-17,Not-Available,N,N,N,N,N,N,N/A
27,Oct-17,East,Odisha,SIKSHASANDHAN,Implementing,Jan-17 - Dec-17,No Grant,N/A,N/A,Jan-17 - Dec-17,Not-Available,N,N,N,N,N,N,N/A
26,Oct-17,East,Manipur,New Era Environmental & Dev Society (NEEDS),Implementing,Jan-17 - Dec-17,No Grant,N/A,N/A,Jan-17 - Dec-17,Not-Available,N,N,N,N,N,N,N/A
25,Oct-17,East,Jharkhand,Rashtriya Jharkhand Seva Sansthan (RJSS),Implementing,Jan-17 - Dec-17,No Grant,N/A,N/A,Jan-17 - Dec-17,Not-Available,N,N,N,N,N,N,N/A
24,Oct-17,East,Bihar,Development Education and Environmental Program [DEEP],Implementing,Jan-17 - Dec-17,No Grant,N/A,N/A,Jan-17 - Dec-17,Not-Available,N,N,N,N,N,N,N/A
23,Oct-17,East,Bihar,Comprehensive Health and Rural Development Society [CHARDS],Implementing,Jan-17 - Dec-17,No Grant,N/A,N/A,Jan-17 - Dec-17,Not-Available,N,N,N,N,N,N,N/A
22,Oct-17,West,Maharashtra,Sankalp Manav Vikas Sansthan (SMVS),Implementing,Jan-17 - Mar-18,No Grant,N/A,N/A,Jan-17 - Mar-18,Not-Available,N,N,N,N,N,N,N/A
21,Oct-17,West,Gujarat,Adivasi Vikas Trust (AVT),Implementing,Jan-17 - Mar-18,No Grant,N/A,N/A,Jan-17 - Mar-18,Not-Available,N,N,N,N,N,N,N/A
20,Oct-17,West,Chattishgarh,Chhattisgarh Bal Adhikar Abhiyan (CGBAA) through GMSSS,Network/Alliance,Jan-17 - Mar-18,No Grant,N/A,N/A,Jan-17 - Mar-18,Not-Available,N,N,N,N,N,N,N/A
19,Oct-17,South,Telangana,Shramik Vikas Kendram (SVK),Implementing,Jan-17 - Mar-18,No Grant,N/A,N/A,Jan-17 - Mar-18,Not-Available,N,N,N,N,N,N,N/A
18,Oct-17,South,Karnataka,Shruti Samskruti Samsthe Raichur / replaced SJS,Implementing,Jan-17 - Mar-18,No Grant,N/A,N/A,Jan-17 - Mar-18,Not-Available,N,N,N,N,N,N,N/A
17,Oct-17,South,Andhra Pradesh,People's Voice for Child Rights (PVCR)thru PORD,Network/Alliance,Jan-17 - Mar-18,No Grant,N/A,N/A,Jan-17 - Mar-18,Not-Available,N,N,N,N,N,N,N/A
16,Oct-17,South,Andhra Pradesh,People's Organisation for Rural Development (PORD),Implementing,Jan-17 - Mar-18,No Grant,N/A,N/A,Jan-17 - Mar-18,Not-Available,N,N,N,N,N,N,N/A
15,Oct-17,North,Uttar Pradesh,Sonebhadra Vikas Samiti(SVSS),Implementing,Jan-17 - Mar-18,No Grant,N/A,N/A,Jan-17 - Mar-18,Not-Available,N,N,N,N,N,N,N/A
14,Oct-17,North,Uttar Pradesh,Samagra Vikas Sansthan (SVS),Implementing,Jan-17 - Mar-18,No Grant,N/A,N/A,Jan-17 - Mar-18,Not-Available,N,N,N,N,N,N,N/A
13,Oct-17,North,Uttar Pradesh,Education Resource Society (ERS),Implementing,Jan-17 - Mar-18,No Grant,N/A,N/A,Jan-17 - Mar-18,Not-Available,N,N,N,N,N,N,N/A
12,Oct-17,North,Madhya Pradesh,"Smt Siya Dulari Adivasi, Ramnaresh",Group Fellowship,Jan-17 - Mar-18,No Grant,N/A,N/A,Jan-17 - Mar-18,Not-Available,N,N,N,N,N,N,N/A
11,Oct-17,North,Jammu & Kashmir,Koshish (merged with Ghash Project),Implementing,Jan-17 - Mar-18,No Grant,N/A,N/A,Jan-17 - Mar-18,Not-Available,N,N,N,N,N,N,N/A
10,Oct-17,North,Haryana,NAVSRISHTI,Implementing,Jan-17 - Mar-18,No Grant,N/A,N/A,Jan-17 - Mar-18,Not-Available,N,N,N,N,N,N,N/A
9,Oct-17,North,Delhi,Navsrishti,Implementing,Jan-17 - Mar-18,No Grant,N/A,N/A,Jan-17 - Mar-18,Not-Available,N,N,N,N,N,N,N/A
8,Oct-17,East,West Bengal,Dooars Jagron,Implementing,Jan-17 - Mar-18,No Grant,N/A,N/A,Jan-17 - Mar-18,Not-Available,N,N,N,N,N,N,N/A
7,Oct-17,East,Manipur,Wide Angle,Implementing,Jan-17 - Mar-18,No Grant,N/A,N/A,Jan-17 - Mar-18,Not-Available,N,N,N,N,N,N,N/A
6,Oct-17,East,Jharkhand,Adarsh Seva Sansthan - ASES,Implementing,Jan-17 - Mar-18,No Grant,N/A,N/A,Jan-17 - Mar-18,Not-Available,N,N,N,N,N,N,N/A
5,Oct-17,East,Bihar,Jawahar Jyoti Bal Vikas Kendra [JJBVK],Implementing,Jan-17 - Mar-18,No Grant,N/A,N/A,Jan-17 - Mar-18,Not-Available,N,N,N,N,N,N,N/A
4,Oct-17,East,Bihar,Disha Vihar,Implementing,Jan-17 - Mar-18,No Grant,N/A,N/A,Jan-17 - Mar-18,Not-Available,N,N,N,N,N,N,N/A
3,Oct-17,North,Uttar Pradesh,Guria,Implementing,Jan-17 - Dec-17,No Grant,N/A,N/A,Jan-17 - Dec-17,Not-Available,N,N,N,N,N,N,N/A
2,Nov-17,South,Telangana,People's Voice for Child Rights (PVCR)thru SVK,Network/Alliance,Jan-16 - Mar-17,No Grant,Yes,Telangana,Jan-16 - Mar-17,Not-Available,Y,Y,N,N,N,N,N/A
1,Oct-17,North,Jammu & Kashmir,JKASW - Jammu Kashmir Association of Social Workers,Implementing,Jan-16 - Mar-17,No Grant,N/A,N/A,Jan-16 - Mar-17,Not-Available,N,N,N,N,N,N,N/A
